"","Gene","Product"
"1","CNAG_00002","hypothetical protein"
"2","CNAG_00005","TPR repeat-containing protein"
"3","CNAG_00006","prohibitin-2"
"4","CNAG_00007","methionine-tRNA ligase"
"5","CNAG_00012","hypothetical protein"
"6","CNAG_00013","hypothetical protein, variant 1"
"7","CNAG_00013","hypothetical protein"
"8","CNAG_00013","hypothetical protein, variant 2"
"9","CNAG_00015","hypothetical protein"
"10","CNAG_00018","hypothetical protein"
"11","CNAG_00019","mitochondrial import inner membrane translocase subunit TIM9"
"12","CNAG_00022","cytochrome c heme-lyase"
"13","CNAG_00023","hypothetical protein"
"14","CNAG_00026","kynurenine aminotransferase"
"15","CNAG_00026","kynurenine aminotransferase, variant"
"16","CNAG_00034","large subunit ribosomal protein L9e"
"17","CNAG_00036","Sec14 cytosolic factor"
"18","CNAG_00038","alcohol dehydrogenase"
"19","CNAG_00044","ribosome assembly protein 1"
"20","CNAG_00052","hypothetical protein"
"21","CNAG_00055","hypothetical protein"
"22","CNAG_00057","fructose-1,6-bisphosphatase I"
"23","CNAG_00059","hypothetical protein"
"24","CNAG_00062","26S proteasome regulatory subunit N3"
"25","CNAG_00070","hypothetical protein"
"26","CNAG_00075","hypothetical protein"
"27","CNAG_00076","A/G-specific adenine glycosylase"
"28","CNAG_00077","solute carrier family 26 (sodium-independent sulfate anion transporter), member 11"
"29","CNAG_00084","glutamine-tRNA ligase"
"30","CNAG_00086","N2,N2-dimethylguanosine tRNA methyltransferase"
"31","CNAG_00091","hypothetical protein"
"32","CNAG_00093","hypothetical protein"
"33","CNAG_00095","hypothetical protein"
"34","CNAG_00096","hypothetical protein"
"35","CNAG_00108","RuvB-like helicase 1"
"36","CNAG_00109","large subunit ribosomal protein L34, variant"
"37","CNAG_00109","large subunit ribosomal protein L34"
"38","CNAG_00116","small subunit ribosomal protein S3"
"39","CNAG_00120","hypothetical protein"
"40","CNAG_00121","glycerol-3-phosphate dehydrogenase (NAD())"
"41","CNAG_00124","hypothetical protein"
"42","CNAG_00129","hypothetical protein"
"43","CNAG_00135","cyclophilin"
"44","CNAG_00140","U1 small nuclear ribonucleoprotein 70kDa"
"45","CNAG_00159","hypothetical protein"
"46","CNAG_00180","ubiquitin carboxyl-terminal hydrolase L3"
"47","CNAG_00190","hypothetical protein"
"48","CNAG_00194","hypothetical protein"
"49","CNAG_00195","exosome complex protein LRP1"
"50","CNAG_00229","hypothetical protein"
"51","CNAG_00231","hypothetical protein"
"52","CNAG_00248","ESCRT-II complex subunit VPS36"
"53","CNAG_00250","hypothetical protein"
"54","CNAG_00259","bud site selection protein"
"55","CNAG_00260","transformer-2 protein"
"56","CNAG_00265","isopentenyl-diphosphate delta-isomerase"
"57","CNAG_00269","sorbitol dehydrogenase"
"58","CNAG_00301","hypothetical protein"
"59","CNAG_00311","3-hydroxyisobutyryl-CoA hydrolase"
"60","CNAG_00315","HHE domain-containing protein"
"61","CNAG_00318","arp2/3 complex 16 kda subunit"
"62","CNAG_00334","hsp75-like protein"
"63","CNAG_00345","porphobilinogen synthase"
"64","CNAG_00346","hypothetical protein"
"65","CNAG_00349","hypothetical protein"
"66","CNAG_00351","hypothetical protein"
"67","CNAG_00352","A1 cistron-splicing factor AAR2"
"68","CNAG_00358","tRNA dimethylallyltransferase"
"69","CNAG_00358","tRNA dimethylallyltransferase, variant"
"70","CNAG_00360","nuclear protein SNF4, variant"
"71","CNAG_00360","nuclear protein SNF4"
"72","CNAG_00361","hypothetical protein"
"73","CNAG_00393","1,4-alpha-glucan-branching enzyme"
"74","CNAG_00394","diphthamide biosynthesis protein 3"
"75","CNAG_00399","transformer-2-beta isoform 3"
"76","CNAG_00400","secondary thiamine-phosphate synthase enzyme"
"77","CNAG_00400","secondary thiamine-phosphate synthase enzyme, variant"
"78","CNAG_00406","hypothetical protein"
"79","CNAG_00411","nucleoporin p58/p45"
"80","CNAG_00418","S-adenosylmethionine synthase"
"81","CNAG_00427","type 2C protein Phosphatase"
"82","CNAG_00430","hypothetical protein"
"83","CNAG_00434","arginine N-methyltransferase 2"
"84","CNAG_00435","hypothetical protein"
"85","CNAG_00441","inosine-5'-monophosphate dehydrogenase"
"86","CNAG_00447","T-complex protein 1 subunit beta"
"87","CNAG_00449","RNA-binding protein NOB1"
"88","CNAG_00449","RNA-binding protein NOB1, variant"
"89","CNAG_00450","3-isopropylmalate dehydrogenase"
"90","CNAG_00451","cytoplasmic protein"
"91","CNAG_00452","isovaleryl-CoA dehydrogenase"
"92","CNAG_00458","hypothetical protein"
"93","CNAG_00458","hypothetical protein, variant"
"94","CNAG_00468","hypothetical protein"
"95","CNAG_00471","mitochondrial protein"
"96","CNAG_00480","hypothetical protein"
"97","CNAG_00495","hypothetical protein"
"98","CNAG_00497","hypothetical protein"
"99","CNAG_00510","prefoldin subunit 2"
"100","CNAG_00512","mitochondrial carrier protein"
"101","CNAG_00514","hypothetical protein"
"102","CNAG_00522","C2 domain-containing protein, variant"
"103","CNAG_00522","C2 domain-containing protein"
"104","CNAG_00527","translation initiation factor eIF-2B subunit epsilon"
"105","CNAG_00532","hypothetical protein"
"106","CNAG_00533","mitochondrial import inner membrane translocase subunit TIM50"
"107","CNAG_00535","large subunit ribosomal protein L16"
"108","CNAG_00538","hypothetical protein"
"109","CNAG_00542","salicylate hydroxylase"
"110","CNAG_00554","inositol phosphorylsphingolipid-phospholipase C"
"111","CNAG_00557","U6 snRNA-associated Sm-like protein LSm8"
"112","CNAG_00559","hypothetical protein"
"113","CNAG_00562","hypothetical protein"
"114","CNAG_00563","hypothetical protein"
"115","CNAG_00569","GTP cyclohydrolase II"
"116","CNAG_00580","translation initiation factor IF-2"
"117","CNAG_00584","profilin"
"118","CNAG_00585","hypothetical protein"
"119","CNAG_00588","hypothetical protein"
"120","CNAG_00590","para-aminobenzoate synthetase"
"121","CNAG_00602","translation initiation factor 3 subunit I"
"122","CNAG_00603","pre-rRNA-processing protein PNO1"
"123","CNAG_00607","hypothetical protein"
"124","CNAG_00608","hypothetical protein"
"125","CNAG_00609","hypothetical protein"
"126","CNAG_00626","hypothetical protein"
"127","CNAG_00633","hypothetical protein"
"128","CNAG_00638","GTPase"
"129","CNAG_00640","small subunit ribosomal protein S4-A"
"130","CNAG_00649","tryptophan synthase, beta subunit"
"131","CNAG_00655","large subunit acidic ribosomal protein P1"
"132","CNAG_00656","large subunit ribosomal protein L7e"
"133","CNAG_00659","TFIIH basal transcription factor complex TTD-A subunit"
"134","CNAG_00669","hypothetical protein"
"135","CNAG_00673","cytoplasmic protein"
"136","CNAG_00684","ribulose-phosphate 3-epimerase"
"137","CNAG_00686","hypothetical protein"
"138","CNAG_00690","hypothetical protein"
"139","CNAG_00700","phosphoribosylaminoimidazolecarboxamide formyltransferase/IMP cyclohydrolase"
"140","CNAG_00701","hypothetical protein"
"141","CNAG_00703","large subunit ribosomal protein L31e"
"142","CNAG_00705","RuvB-like helicase 2"
"143","CNAG_00708","pre-mRNA-splicing factor SLT11"
"144","CNAG_00722","large subunit ribosomal protein L27"
"145","CNAG_00730","ATP-binding cassette transporter"
"146","CNAG_00733","hypothetical protein"
"147","CNAG_00734","dihydroorotase, homodimeric type, variant"
"148","CNAG_00734","dihydroorotase, homodimeric type"
"149","CNAG_00745","HAL protein kinase"
"150","CNAG_00749","alternative sulfate transporter"
"151","CNAG_00752","transducin family protein"
"152","CNAG_00758","regulatory protein ral2"
"153","CNAG_00761","coiled-coil domain-containing protein 12"
"154","CNAG_00762","diphthamide biosynthesis protein 1"
"155","CNAG_00765","hypothetical protein"
"156","CNAG_00773","hypothetical protein"
"157","CNAG_00775","U3 small nucleolar RNA-associated protein 15"
"158","CNAG_00779","large subunit ribosomal protein L27e"
"159","CNAG_00781","U6 snRNA-associated Sm-like protein LSm3"
"160","CNAG_00785","ATP-dependent RNA helicase eIF4A"
"161","CNAG_00786","hypothetical protein"
"162","CNAG_00788","NADH dehydrogenase"
"163","CNAG_00791","hypothetical protein"
"164","CNAG_00793","DNA-directed RNA polymerase I, II, and III subunit RPABC1"
"165","CNAG_00804","Gtr1/RagA G protein Gtr1"
"166","CNAG_00806","hypothetical protein"
"167","CNAG_00807","hypothetical protein"
"168","CNAG_00811","anthranilate phosphoribosyltransferase"
"169","CNAG_00817","hypothetical protein"
"170","CNAG_00818","hypothetical protein"
"171","CNAG_00822","ribosome assembly protein SQT1"
"172","CNAG_00827","ribose 5-phosphate isomerase"
"173","CNAG_00834","phosphatidylserine decarboxylase"
"174","CNAG_00834","phosphatidylserine decarboxylase, variant"
"175","CNAG_00836","2-hydroxyacid dehydrogenase"
"176","CNAG_00837","hypothetical protein"
"177","CNAG_00845","hypothetical protein"
"178","CNAG_00846","hypothetical protein"
"179","CNAG_00849","hypothetical protein"
"180","CNAG_00851","hypothetical protein"
"181","CNAG_00864","MFS transporter, SP family, solute carrier family 2 (myo-inositol transporter), member 13"
"182","CNAG_00865","maltose O-acetyltransferase"
"183","CNAG_00866","transketolase, variant"
"184","CNAG_00866","transketolase"
"185","CNAG_00867","MFS transporter, SP family, solute carrier family 2 (myo-inositol transporter), member 13"
"186","CNAG_00867","MFS transporter, SP family, solute carrier family 2 (myo-inositol transporter), member 13, variant 1"
"187","CNAG_00867","MFS transporter, SP family, solute carrier family 2 (myo-inositol transporter), member 13, variant 2"
"188","CNAG_00872","ATP-dependent DNA helicase"
"189","CNAG_00874","multisite-specific tRNA:(cytosine-C5)-methyltransferase"
"190","CNAG_00876","ferric-chelate reductase"
"191","CNAG_00877","adenylate kinase"
"192","CNAG_00877","adenylate kinase, variant"
"193","CNAG_00886","adenosylhomocysteinase"
"194","CNAG_00891","ATP-binding cassette, subfamily F, member 2"
"195","CNAG_00893","hypothetical protein, variant"
"196","CNAG_00893","hypothetical protein"
"197","CNAG_00899","hypothetical protein"
"198","CNAG_00906","nucleolar pre-ribosomal-associated protein 1"
"199","CNAG_00906","nucleolar pre-ribosomal-associated protein 1, variant"
"200","CNAG_00909","phosphopantothenoylcysteine decarboxylase"
"201","CNAG_00923","membrane protein"
"202","CNAG_00930","argininosuccinate synthase"
"203","CNAG_00931","protein transporter"
"204","CNAG_00932","hypothetical protein"
"205","CNAG_00934","allantoinase"
"206","CNAG_00935","DNA-binding protein"
"207","CNAG_00961","hypothetical protein"
"208","CNAG_00968","hypothetical protein"
"209","CNAG_00968","hypothetical protein, variant"
"210","CNAG_00986","adenylyltransferase and sulfurtransferase"
"211","CNAG_00987","prefoldin subunit"
"212","CNAG_00991","flap endonuclease 1"
"213","CNAG_00992","homocitrate synthase, mitochondrial"
"214","CNAG_00993","ubiquinone biosynthesis monooxygenase Coq7"
"215","CNAG_00995","hypothetical protein"
"216","CNAG_00995","hypothetical protein, variant"
"217","CNAG_01003","NADPH-ferrihemoprotein reductase"
"218","CNAG_01007","C2 domain-containing protein"
"219","CNAG_01012","hypothetical protein"
"220","CNAG_01014","hypothetical protein"
"221","CNAG_01018","histone-lysine N-methyltransferase Su(var)3-9"
"222","CNAG_01020","hypothetical protein"
"223","CNAG_01021","ATP phosphoribosyltransferase"
"224","CNAG_01029","impact family protein"
"225","CNAG_01029","impact family protein, variant"
"226","CNAG_01038","hypothetical protein"
"227","CNAG_01039","superkiller protein 3"
"228","CNAG_01044","dihydroceramidase"
"229","CNAG_01045","hypothetical protein"
"230","CNAG_01046","N,N-dimethylglycine oxidase"
"231","CNAG_01047","hypothetical protein"
"232","CNAG_01056","hypothetical protein"
"233","CNAG_01062","CAMK/CAMKL/PASK protein kinase"
"234","CNAG_01065","hypothetical protein, variant"
"235","CNAG_01065","hypothetical protein"
"236","CNAG_01085","hypothetical protein"
"237","CNAG_01092","hypothetical protein"
"238","CNAG_01096","hypothetical protein"
"239","CNAG_01102","oxidoreductase"
"240","CNAG_01111","translation initiation factor 3 subunit K"
"241","CNAG_01112","xenobiotic reductase"
"242","CNAG_01113","hypothetical protein"
"243","CNAG_01119","POT family proton-dependent oligopeptide transporter"
"244","CNAG_01123","DRAP deaminase"
"245","CNAG_01124","hypothetical protein"
"246","CNAG_01128","hydroxyacylglutathione hydrolase"
"247","CNAG_01131","hypothetical protein"
"248","CNAG_01141","exosome complex component RRP40"
"249","CNAG_01146","U3 small nucleolar RNA-associated protein 22"
"250","CNAG_01152","small subunit ribosomal protein S6e"
"251","CNAG_01152","small subunit ribosomal protein S6e, variant"
"252","CNAG_01155","glycerol kinase"
"253","CNAG_01162","hypothetical protein"
"254","CNAG_01168","H/ACA ribonucleoprotein complex subunit 4"
"255","CNAG_01170","small subunit ribosomal protein S17"
"256","CNAG_01171","hypothetical protein"
"257","CNAG_01179","DNA-directed RNA polymerase I and III subunit RPAC1"
"258","CNAG_01185","hsp70-like protein"
"259","CNAG_01187","ribosome production factor 2"
"260","CNAG_01189","DNA-directed RNA polymerase I subunit RPA1"
"261","CNAG_01200","pre-mRNA-splicing factor 38A"
"262","CNAG_01201","hypothetical protein"
"263","CNAG_01208","high-affinity cell membrane calcium channel protein"
"264","CNAG_01220","mitochondrial FAD-linked sulfhydryl oxidase ERV1"
"265","CNAG_01221","di-trans,poly-cis-decaprenylcistransferase"
"266","CNAG_01224","large subunit ribosomal protein L18-A"
"267","CNAG_01230","chitin deacetylase 2"
"268","CNAG_01236","rRNA-processing protein EBP2"
"269","CNAG_01245","hypothetical protein"
"270","CNAG_01250","tRNA ligase"
"271","CNAG_01253","mitochondrial import inner membrane translocase subunit TIM10"
"272","CNAG_01262","guanine nucleotide-binding protein subunit beta"
"273","CNAG_01264","homoisocitrate dehydrogenase"
"274","CNAG_01267","hypothetical protein"
"275","CNAG_01272","hypothetical protein"
"276","CNAG_01275","hypothetical protein"
"277","CNAG_01290","hypothetical protein"
"278","CNAG_01303","hypothetical protein"
"279","CNAG_01303","hypothetical protein, variant"
"280","CNAG_01304","polynucleotide 5'-hydroxyl-kinase GRC3"
"281","CNAG_01305","methionine-tRNA ligase"
"282","CNAG_01307","endoplasmic reticulum protein"
"283","CNAG_01323","ubiquinol-cytochrome c reductase subunit 7"
"284","CNAG_01325","DASH complex subunit SPC19"
"285","CNAG_01332","small subunit ribosomal protein S24e"
"286","CNAG_01341","mannose-6-phosphate isomerase"
"287","CNAG_01341","mannose-6-phosphate isomerase, variant"
"288","CNAG_01342","hypothetical protein"
"289","CNAG_01344","hypothetical protein"
"290","CNAG_01345","small subunit ribosomal protein S2"
"291","CNAG_01348","cyanate hydratase"
"292","CNAG_01348","cyanate hydratase, variant"
"293","CNAG_01351","hypothetical protein"
"294","CNAG_01363","XPA-binding protein 1"
"295","CNAG_01364","guanylate kinase"
"296","CNAG_01365","hypothetical protein"
"297","CNAG_01379","hypothetical protein"
"298","CNAG_01387","hypothetical protein"
"299","CNAG_01400","3-deoxy-7-phosphoheptulonate synthase"
"300","CNAG_01404","hsp71-like protein"
"301","CNAG_01413","nucleolysin TIA-1/TIAR"
"302","CNAG_01417","hypothetical protein"
"303","CNAG_01425","hypothetical protein"
"304","CNAG_01432","ribosome assembly protein 4"
"305","CNAG_01432","ribosome assembly protein 4, variant"
"306","CNAG_01437","ribosomal RNA assembly protein"
"307","CNAG_01452","hypothetical protein"
"308","CNAG_01464","nitric oxide dioxygenase"
"309","CNAG_01466","hypothetical protein"
"310","CNAG_01471","hypothetical protein"
"311","CNAG_01482","solute carrier family 25 (mitochondrial phosphate transporter), member 23/24/25/41"
"312","CNAG_01483","hypothetical protein"
"313","CNAG_01491","hypothetical protein"
"314","CNAG_01495","myo-inositol 2-dehydrogenase"
"315","CNAG_01498","arylsulfatase"
"316","CNAG_01500","taurine dioxygenase"
"317","CNAG_01501","hypothetical protein"
"318","CNAG_01524","hypothetical protein"
"319","CNAG_01527","hypothetical protein"
"320","CNAG_01528","hypothetical protein"
"321","CNAG_01534","hypothetical protein"
"322","CNAG_01539","myo-inositol-1-phosphate synthase"
"323","CNAG_01543","AP-3 complex subunit beta"
"324","CNAG_01544","histidyl-tRNA synthetase"
"325","CNAG_01546","S-adenosylmethionine-dependent methyltransferase"
"326","CNAG_01549","splicing factor 3A subunit 3"
"327","CNAG_01550","pre-rRNA-processing protein TSR3"
"328","CNAG_01552","blocked early in transport 1"
"329","CNAG_01554","sorting nexin-4"
"330","CNAG_01556","cytoplasmic protein"
"331","CNAG_01557","calmodulin"
"332","CNAG_01558","chlorophyll synthesis pathway protein BchC"
"333","CNAG_01560","hypothetical protein"
"334","CNAG_01562","hypothetical protein, variant"
"335","CNAG_01562","hypothetical protein"
"336","CNAG_01563","histone deacetylase 6/10"
"337","CNAG_01564","nucleolar protein 12"
"338","CNAG_01568","T-complex protein 1 subunit alpha"
"339","CNAG_01576","hypothetical protein"
"340","CNAG_01584","hydrolase"
"341","CNAG_01585","hypothetical protein"
"342","CNAG_01588","plasma membrane proteolipid 3"
"343","CNAG_01593","ribosome biogenesis protein SSF1/2"
"344","CNAG_01595","hypothetical protein"
"345","CNAG_01596","hypothetical protein"
"346","CNAG_01597","hypothetical protein"
"347","CNAG_01599","hypothetical protein"
"348","CNAG_01605","rossman fold oxidoreductase"
"349","CNAG_01607","thioredoxin"
"350","CNAG_01608","nuclear GTP-binding protein, variant"
"351","CNAG_01608","nuclear GTP-binding protein"
"352","CNAG_01609","cystathionine gamma-synthase"
"353","CNAG_01611","hypothetical protein"
"354","CNAG_01613","hypothetical protein"
"355","CNAG_01613","hypothetical protein, variant"
"356","CNAG_01621","hypothetical protein"
"357","CNAG_01622","CTD kinase subunit beta"
"358","CNAG_01623","tRNA pseudouridine(55) synthase"
"359","CNAG_01625","hypothetical protein"
"360","CNAG_01636","peptidyl-prolyl cis-trans isomerase-like 1"
"361","CNAG_01650","large subunit ribosomal protein L7"
"362","CNAG_01666","U6 snRNA-associated Sm-like protein LSm2"
"363","CNAG_01670","hypothetical protein"
"364","CNAG_01676","tRNA (adenine-N(1)-)-methyltransferase non-catalytic subunit TRM6"
"365","CNAG_01683","monosaccharide transporter"
"366","CNAG_01688","ATP-dependent metalloprotease"
"367","CNAG_01699","histone deacetylase 1/2"
"368","CNAG_01701","integral membrane protein"
"369","CNAG_01711","glycerol-3-phosphate O-acyltransferase/dihydroxyacetone phosphate acyltransferase"
"370","CNAG_01713","hypothetical protein"
"371","CNAG_01715","ribosome biogenesis protein BMS1"
"372","CNAG_01721","porphobilinogen deaminase"
"373","CNAG_01725","hypothetical protein"
"374","CNAG_01725","hypothetical protein, variant"
"375","CNAG_01728","hypothetical protein"
"376","CNAG_01735","hypothetical protein"
"377","CNAG_01744","phosphatase"
"378","CNAG_01751","hypothetical protein, variant"
"379","CNAG_01751","hypothetical protein"
"380","CNAG_01758","polygalacturonase"
"381","CNAG_01759","vacuolar membrane protein"
"382","CNAG_01761","hypothetical protein"
"383","CNAG_01768","hypothetical protein"
"384","CNAG_01788","tRNA(His) guanylyltransferase"
"385","CNAG_01794","2-hydroxyacid dehydrogenase"
"386","CNAG_01800","hypothetical protein"
"387","CNAG_01807","ATP-dependent helicase"
"388","CNAG_01812","large subunit ribosomal protein L24e"
"389","CNAG_01818","ATP synthase mitochondrial F1 complex assembly factor 2"
"390","CNAG_01819","large subunit ribosomal protein L1"
"391","CNAG_01820","pyruvate kinase, variant"
"392","CNAG_01820","pyruvate kinase"
"393","CNAG_01825","hypothetical protein"
"394","CNAG_01833","translation initiation factor 4E"
"395","CNAG_01842","hypothetical protein"
"396","CNAG_01843","elongation factor Ts, mitochondrial"
"397","CNAG_01846","flavoprotein"
"398","CNAG_01852","CCR4-NOT transcription complex subunit 2"
"399","CNAG_01864","hypothetical protein"
"400","CNAG_01867","mitochondrial division protein 1"
"401","CNAG_01868","protein KTI12"
"402","CNAG_01869","hypothetical protein"
"403","CNAG_01877","GMP synthase [glutamine-hydrolyzing]"
"404","CNAG_01881","molecular chaperone GrpE"
"405","CNAG_01884","large subunit ribosomal protein L3"
"406","CNAG_01886","hypothetical protein"
"407","CNAG_01890","5-methyltetrahydropteroyltriglutamate- homocysteine S-methyltransferase"
"408","CNAG_01895","hypothetical protein"
"409","CNAG_01898","protein MAK11"
"410","CNAG_01904","vacuolar amino acid transporter 5"
"411","CNAG_01916","DNA mismatch repair protein MSH6"
"412","CNAG_01924","hypothetical protein"
"413","CNAG_01925","hypothetical protein"
"414","CNAG_01936","sugar transporter"
"415","CNAG_01940","alpha-amylase"
"416","CNAG_01940","alpha-amylase, variant"
"417","CNAG_01942","hypothetical protein"
"418","CNAG_01947","2,4-dienoyl-CoA reductase"
"419","CNAG_01956","hypothetical protein"
"420","CNAG_01962","ubiquinone biosynthesis protein COQ4, mitochondrial"
"421","CNAG_01965","hypothetical protein"
"422","CNAG_01969","zinc metalloprotease"
"423","CNAG_01974","large subunit ribosomal protein L36"
"424","CNAG_01976","large subunit ribosomal protein L23"
"425","CNAG_01987","carbohydrate binding protein"
"426","CNAG_01989","hypothetical protein"
"427","CNAG_01990","small subunit ribosomal protein S5"
"428","CNAG_01995","hypothetical protein"
"429","CNAG_02002","hypothetical protein"
"430","CNAG_02006","protein N-terminal amidase"
"431","CNAG_02007","adenylate kinase 1"
"432","CNAG_02011","PQQ enzyme repeat protein"
"433","CNAG_02020","SWR1-complex protein 4"
"434","CNAG_02021","N-terminal acetyltransferase A complex catalytic subunit Ard1"
"435","CNAG_02025","DNA-directed RNA polymerase III subunit RPC3"
"436","CNAG_02032","nuclear export factor"
"437","CNAG_02034","hypothetical protein"
"438","CNAG_02035","triose-phosphate isomerase"
"439","CNAG_02037","large subunit ribosomal protein L22"
"440","CNAG_02047","hypothetical protein"
"441","CNAG_02054","hypothetical protein"
"442","CNAG_02067","vacuolar protein"
"443","CNAG_02069","hypothetical protein"
"444","CNAG_02072","hypothetical protein"
"445","CNAG_02074","mitochondrial processing peptidase"
"446","CNAG_02084","farnesyl diphosphate synthase"
"447","CNAG_02086","acyl-CoA-dependent ceramide synthase"
"448","CNAG_02088","hypothetical protein"
"449","CNAG_02093","hypothetical protein"
"450","CNAG_02100","fatty acid synthase subunit alpha, fungi type"
"451","CNAG_02101","hypothetical protein"
"452","CNAG_02102","hypothetical protein"
"453","CNAG_02106","mitochondrial intermembrane space import and assembly protein 40"
"454","CNAG_02109","type I inositol-1,4,5-trisphosphate 5-phosphatase 1"
"455","CNAG_02113","clathrin assembly protein"
"456","CNAG_02120","TIGR01456 family HAD hydrolase"
"457","CNAG_02126","hypothetical protein"
"458","CNAG_02127","cyclin-dependent protein kinase regulator"
"459","CNAG_02128","translation initiation factor 3 subunit J"
"460","CNAG_02129","hypothetical protein"
"461","CNAG_02133","6-phosphogluconolactonase"
"462","CNAG_02136","small subunit ribosomal protein S6"
"463","CNAG_02143","hypothetical protein"
"464","CNAG_02143","hypothetical protein, variant"
"465","CNAG_02145","hypothetical protein"
"466","CNAG_02149","hypothetical protein"
"467","CNAG_02181","dihydrokaempferol 4-reductase"
"468","CNAG_02190","hypothetical protein"
"469","CNAG_02197","hypothetical protein"
"470","CNAG_02198","mitochondrial inner membrane protease ATP23"
"471","CNAG_02202","adenylylsulfate kinase"
"472","CNAG_02209","nucleolar protein 56"
"473","CNAG_02230","phosphoketolase"
"474","CNAG_02232","RNA polymerase II-associated factor 1"
"475","CNAG_02255","BNR/Asp-box repeat family protein"
"476","CNAG_02257","GTP-binding nuclear protein spi1"
"477","CNAG_02259","tRNA-dihydrouridine synthase 2"
"478","CNAG_02267","cell cycle arrest protein BUB3"
"479","CNAG_02270","homoserine O-acetyltransferase"
"480","CNAG_02280","hypothetical protein"
"481","CNAG_02294","phosphoribosylaminoimidazole carboxylase"
"482","CNAG_02301","lupus La protein"
"483","CNAG_02304","mitochondrial distribution and morphology protein 34"
"484","CNAG_02327","xaa-Pro dipeptidase"
"485","CNAG_02328","pre-rRNA-processing protein TSR1"
"486","CNAG_02330","large subunit ribosomal protein L21e"
"487","CNAG_02331","small subunit ribosomal protein S9"
"488","CNAG_02335","hypothetical protein"
"489","CNAG_02350","hypothetical protein"
"490","CNAG_02358","MRP family ATP-binding protein"
"491","CNAG_02360","hypothetical protein"
"492","CNAG_02361","MFS transporter, ACS family, pantothenate transporter"
"493","CNAG_02378","H/ACA ribonucleoprotein complex subunit 2"
"494","CNAG_02382","ribosome biogenesis protein BRX1"
"495","CNAG_02394","hypothetical protein"
"496","CNAG_02398","hypothetical protein"
"497","CNAG_02407","phospholipase D"
"498","CNAG_02412","rRNA-processing protein CGR1"
"499","CNAG_02414","hypothetical protein"
"500","CNAG_02415","annexin XIV"
"501","CNAG_02416","hypothetical protein"
"502","CNAG_02421","hypothetical protein"
"503","CNAG_02422","hypothetical protein"
"504","CNAG_02426","pre-mRNA-splicing factor SYF1"
"505","CNAG_02427","hypothetical protein, variant"
"506","CNAG_02427","hypothetical protein"
"507","CNAG_02431","TatD DNase"
"508","CNAG_02439","hypothetical protein"
"509","CNAG_02439","hypothetical protein, variant"
"510","CNAG_02443","NADH dehydrogenase"
"511","CNAG_02444","hypothetical protein"
"512","CNAG_02447","hypothetical protein"
"513","CNAG_02454","H/ACA ribonucleoprotein complex non-core subunit NAF1"
"514","CNAG_02463","hypothetical protein"
"515","CNAG_02473","endoplasmic reticulum protein"
"516","CNAG_02482","translation machinery-associated protein 22"
"517","CNAG_02489","alcohol dehydrogenase, propanol-preferring"
"518","CNAG_02492","peptidyl-prolyl cis-trans isomerase-like 3"
"519","CNAG_02501","hypothetical protein"
"520","CNAG_02519","mitochondria fission 1 protein"
"521","CNAG_02520","DNA-directed RNA polymerase III subunit RPC4"
"522","CNAG_02526","hypothetical protein"
"523","CNAG_02527","multidrug transporter"
"524","CNAG_02527","multidrug transporter, variant"
"525","CNAG_02530","hypothetical protein"
"526","CNAG_02534","tRNA 2'-phosphotransferase"
"527","CNAG_02535","hypothetical protein"
"528","CNAG_02539","AAT family amino acid transporter"
"529","CNAG_02546","transferase"
"530","CNAG_02547","nuclear pore complex protein Nup205"
"531","CNAG_02552","transketolase, variant 2"
"532","CNAG_02552","transketolase, variant 1"
"533","CNAG_02552","transketolase"
"534","CNAG_02553","short-chain dehydrogenase"
"535","CNAG_02554","sugar transporter"
"536","CNAG_02569","hypothetical protein"
"537","CNAG_02583","tRNA (guanine10-N2)-methyltransferase"
"538","CNAG_02591","hypothetical protein"
"539","CNAG_02609","3-demethylubiquinone-9 3-O-methyltransferase"
"540","CNAG_02655","hypothetical protein"
"541","CNAG_02657","translation initiation factor 3 subunit G"
"542","CNAG_02670","bud emergence protein 1"
"543","CNAG_02672","nonsense-mediated mRNA decay protein 3"
"544","CNAG_02677","cytoplasmic protein"
"545","CNAG_02685","hypothetical protein"
"546","CNAG_02686","cystathionine beta-lyase"
"547","CNAG_02687","hypothetical protein"
"548","CNAG_02690","pirin"
"549","CNAG_02692","nitroreductase"
"550","CNAG_02704","hypothetical protein"
"551","CNAG_02707","hypothetical protein"
"552","CNAG_02709","small subunit ribosomal protein S19"
"553","CNAG_02712","Bud32 protein kinase"
"554","CNAG_02718","NAD binding dehydrogenase"
"555","CNAG_02720","nuclear GTP-binding protein"
"556","CNAG_02725","20S proteasome subunit beta 2"
"557","CNAG_02739","hypothetical protein"
"558","CNAG_02745","hypothetical protein"
"559","CNAG_02748","UTP-glucose-1-phosphate uridylyltransferase"
"560","CNAG_02751","short-chain dehydrogenase"
"561","CNAG_02753","endoplasmic reticulum protein"
"562","CNAG_02758","NADH:flavin oxidoreductase/NADH oxidase"
"563","CNAG_02759","hypothetical protein"
"564","CNAG_02762","F-type H -transporting ATPase subunit G"
"565","CNAG_02775","hypothetical protein"
"566","CNAG_02782","cytoplasmic protein"
"567","CNAG_02783","hypothetical protein"
"568","CNAG_02788","hypothetical protein"
"569","CNAG_02792","mitochondrial chaperone BCS1"
"570","CNAG_02793","kynurenine 3-monooxygenase"
"571","CNAG_02803","hypothetical protein"
"572","CNAG_02810","pumilio-family RNA binding protein, variant"
"573","CNAG_02810","pumilio-family RNA binding protein"
"574","CNAG_02811","small subunit ribosomal protein S29"
"575","CNAG_02813","large subunit ribosomal protein L30"
"576","CNAG_02814","glycerol-3-phosphate dehydrogenase"
"577","CNAG_02815","glycerol-3-phosphate dehydrogenase"
"578","CNAG_02820","serine/threonine protein kinase"
"579","CNAG_02825","argininosuccinate lyase"
"580","CNAG_02838","small subunit ribosomal protein S17"
"581","CNAG_02842","hypothetical protein"
"582","CNAG_02864","hypothetical protein"
"583","CNAG_02878","hypothetical protein"
"584","CNAG_02879","chloride channel protein, nucleotide-sensitive, 1A"
"585","CNAG_02880","GTP-binding protein YchF"
"586","CNAG_02881","cytidine deaminase"
"587","CNAG_02890","hypothetical protein"
"588","CNAG_02891","endoplasmic reticulum protein"
"589","CNAG_02896","hydroxymethylglutaryl-CoA synthase"
"590","CNAG_02898","RNA-binding protein 8A"
"591","CNAG_02900","hypothetical protein"
"592","CNAG_02901","U6 snRNA-associated Sm-like protein LSm4"
"593","CNAG_02903","alcohol dehydrogenase (NADP)"
"594","CNAG_02905","hypothetical protein"
"595","CNAG_02910","hypothetical protein"
"596","CNAG_02914","hypothetical protein"
"597","CNAG_02915","AGC/PDK1 protein kinase"
"598","CNAG_02917","hypothetical protein"
"599","CNAG_02923","large subunit ribosomal protein L14"
"600","CNAG_02925","d-arabinitol 2-dehydrogenase"
"601","CNAG_02928","large subunit ribosomal protein L5e"
"602","CNAG_02931","hypothetical protein"
"603","CNAG_02939","peroxin-3"
"604","CNAG_02942","hypothetical protein"
"605","CNAG_02948","peptide chain release factor 1"
"606","CNAG_02951","hypothetical protein"
"607","CNAG_02952","hypothetical protein"
"608","CNAG_02960","RNA exonuclease 4"
"609","CNAG_02967","hypothetical protein"
"610","CNAG_02982","U3 small nucleolar RNA-associated protein 13"
"611","CNAG_02984","sarcosine oxidase"
"612","CNAG_02993","solute carrier family 39 (zinc transporter), member 7"
"613","CNAG_02998","nuclear protein"
"614","CNAG_03000","small subunit ribosomal protein S19e"
"615","CNAG_03001","multiple RNA-binding domain-containing protein 1"
"616","CNAG_03003","chromatin structure-remodeling complex subunit SFH1"
"617","CNAG_03004","riboflavin synthase, alpha subunit"
"618","CNAG_03005","cytoplasmic tRNA 2-thiolation protein 2"
"619","CNAG_03006","hypothetical protein"
"620","CNAG_03008","hypothetical protein"
"621","CNAG_03014","dolichyldiphosphatase, variant"
"622","CNAG_03014","dolichyldiphosphatase"
"623","CNAG_03032","dynactin 2, variant"
"624","CNAG_03032","dynactin 2"
"625","CNAG_03033","hypothetical protein"
"626","CNAG_03038","hypothetical protein"
"627","CNAG_03039","DNA damage-inducible protein 1"
"628","CNAG_03040","transketolase"
"629","CNAG_03040","transketolase, variant"
"630","CNAG_03048","gluconokinase"
"631","CNAG_03053","large subunit ribosomal protein L23"
"632","CNAG_03055","bud site selection protein 20"
"633","CNAG_03060","multiple drug resistance protein"
"634","CNAG_03061","multiple drug resistance protein"
"635","CNAG_03064","nucleolar protein 16"
"636","CNAG_03065","ER-derived vesicles protein ERV14"
"637","CNAG_03069","hydrolase"
"638","CNAG_03071","hypothetical protein"
"639","CNAG_03081","ATP-dependent RNA helicase MRH4, mitochondrial"
"640","CNAG_03082","cupin domain-containing protein"
"641","CNAG_03083","cupin domain-containing protein"
"642","CNAG_03098","hypothetical protein"
"643","CNAG_03105","hypothetical protein"
"644","CNAG_03106","hypothetical protein"
"645","CNAG_03115","hypothetical protein"
"646","CNAG_03124","periodic tryptophan protein 2"
"647","CNAG_03126","hypothetical protein"
"648","CNAG_03127","small subunit ribosomal protein S23"
"649","CNAG_03128","gamma-glutamyltransferase"
"650","CNAG_03128","gamma-glutamyltransferase, variant"
"651","CNAG_03129","transcription factor iiia"
"652","CNAG_03130","rho family protein"
"653","CNAG_03136","hypothetical protein"
"654","CNAG_03139","phosphatidylethanolamine N-methyltransferase"
"655","CNAG_03141","hypothetical protein, variant"
"656","CNAG_03141","hypothetical protein"
"657","CNAG_03142","hypothetical protein"
"658","CNAG_03146","alpha-amylase"
"659","CNAG_03147","rhomboid-like protein"
"660","CNAG_03151","COP9 signalosome complex subunit 4"
"661","CNAG_03158","alpha-1,3-mannosyltransferase CMT1"
"662","CNAG_03159","cytoplasmic protein"
"663","CNAG_03165","hypothetical protein"
"664","CNAG_03168","sulfite reductase (NADPH) flavoprotein alpha-component"
"665","CNAG_03175","hypothetical protein"
"666","CNAG_03178","hypothetical protein"
"667","CNAG_03186","THO complex subunit 4"
"668","CNAG_03187","protoporphyrinogen oxidase"
"669","CNAG_03196","orotate phosphoribosyltransferase"
"670","CNAG_03198","small subunit ribosomal protein S8e"
"671","CNAG_03203","DNA polymerase epsilon p12 subunit"
"672","CNAG_03205","ATP-dependent RNA helicase ROK1"
"673","CNAG_03206","endonuclease III"
"674","CNAG_03210","SAGA-associated factor 73, variant"
"675","CNAG_03210","SAGA-associated factor 73"
"676","CNAG_03221","large subunit ribosomal protein L29"
"677","CNAG_03225","malate dehydrogenase, NAD-dependent"
"678","CNAG_03231","hypothetical protein"
"679","CNAG_03231","hypothetical protein, variant"
"680","CNAG_03232","lactamase"
"681","CNAG_03263","translation elongation factor Tu"
"682","CNAG_03267","splicing factor 3B subunit 2"
"683","CNAG_03271","pre-mRNA-splicing factor PRP46"
"684","CNAG_03280","dihydrodipicolinate synthetase"
"685","CNAG_03280","dihydrodipicolinate synthetase, variant"
"686","CNAG_03282","hypothetical protein"
"687","CNAG_03283","large subunit ribosomal protein L24e"
"688","CNAG_03289","methionine aminopeptidase, type II"
"689","CNAG_03293","pre-rRNA-processing protein TSR2"
"690","CNAG_03295","hypothetical protein"
"691","CNAG_03300","ribosomal RNA-processing protein 1"
"692","CNAG_03301","mitochondrial import inner membrane translocase subunit TIM13"
"693","CNAG_03302","protein LTV1"
"694","CNAG_03303","small subunit ribosomal protein S27"
"695","CNAG_03304","hypothetical protein"
"696","CNAG_03310","nicotinamide N-methyltransferase"
"697","CNAG_03313","hypothetical protein, variant"
"698","CNAG_03313","hypothetical protein"
"699","CNAG_03321","vacuolar protein sorting-associated protein 9"
"700","CNAG_03331","phosphatidylserine decarboxylase"
"701","CNAG_03333","cytoplasmic protein"
"702","CNAG_03335","ribose-phosphate pyrophosphokinase"
"703","CNAG_03341","minichromosome maintenance protein 2"
"704","CNAG_03342","tRNA (guanine-N(7)-)-methyltransferase subunit TRM82"
"705","CNAG_03346","hypothetical protein"
"706","CNAG_03357","hypothetical protein"
"707","CNAG_03358","phosphoglycerate kinase"
"708","CNAG_03360","hypothetical protein"
"709","CNAG_03363","hypothetical protein"
"710","CNAG_03376","cytoplasmic protein"
"711","CNAG_03376","cytoplasmic protein, variant"
"712","CNAG_03383","hypothetical protein"
"713","CNAG_03389","alpha-ketoglutarate catabolism dioxygenase"
"714","CNAG_03393","acyl-CoA thioesterase II"
"715","CNAG_03408","hypothetical protein"
"716","CNAG_03411","hypothetical protein"
"717","CNAG_03436","alanine transaminase, variant"
"718","CNAG_03436","alanine transaminase"
"719","CNAG_03437","hypothetical protein"
"720","CNAG_03441","small subunit ribosomal protein S21"
"721","CNAG_03445","hypothetical protein"
"722","CNAG_03450","ATP-binding cassette transporter"
"723","CNAG_03456","hypothetical protein"
"724","CNAG_03457","arginine-tRNA ligase"
"725","CNAG_03467","hypothetical protein"
"726","CNAG_03474","efflux protein EncT"
"727","CNAG_03481","ribonuclease P protein component"
"728","CNAG_03492","hypothetical protein"
"729","CNAG_03493","1-alkyl-2-acetylglycerophosphocholine esterase"
"730","CNAG_03495","hypothetical protein"
"731","CNAG_03497","BET3 family protein"
"732","CNAG_03499","twin-arginine translocation pathway signal peptide"
"733","CNAG_03509","pyruvate dehydrogenase X component"
"734","CNAG_03510","large subunit ribosomal protein L36e"
"735","CNAG_03517","NADH dehydrogenase"
"736","CNAG_03521","DNA-directed RNA polymerase III subunit RPC10"
"737","CNAG_03526","chromosome transmission fidelity protein 8"
"738","CNAG_03541","hypothetical protein"
"739","CNAG_03559","allantoate permease"
"740","CNAG_03563","aspartate-tRNA(Asn) ligase"
"741","CNAG_03564","hypothetical protein"
"742","CNAG_03565","plasma-membrane proton-efflux P-type ATPase"
"743","CNAG_03572","opsin 1"
"744","CNAG_03578","hypothetical protein"
"745","CNAG_03584","Prp8 binding protein"
"746","CNAG_03588","L-aminoadipate-semialdehyde dehydrogenase"
"747","CNAG_03589","adrenodoxin-type ferredoxin"
"748","CNAG_03592","phosphomethylpyrimidine kinase"
"749","CNAG_03595","hypothetical protein"
"750","CNAG_03602","U3 small nucleolar RNA-associated protein 5"
"751","CNAG_03604","mRNA 3'-end-processing protein YTH1"
"752","CNAG_03612","threonine synthase"
"753","CNAG_03621","peptidyl-prolyl cis-trans isomerase"
"754","CNAG_03621","peptidyl-prolyl cis-trans isomerase, variant"
"755","CNAG_03624","pescadillo"
"756","CNAG_03627","peptidyl-prolyl cis-trans isomerase"
"757","CNAG_03631","hypothetical protein"
"758","CNAG_03636","DNA-directed RNA polymerase I and III subunit RPAC2"
"759","CNAG_03645","NET1-associated nuclear protein 1 (U3 small nucleolar RNA-associated protein 17)"
"760","CNAG_03645","NET1-associated nuclear protein 1 (U3 small nucleolar RNA-associated protein 17), variant"
"761","CNAG_03646","phosphoribosylformimino-5-aminoimidazole carboxamide ribotide isomerase"
"762","CNAG_03674","oxoglutarate dehydrogenase (succinyl-transferring), E1 component"
"763","CNAG_03675","pumilio domain-containing protein"
"764","CNAG_03678","hypothetical protein"
"765","CNAG_03679","hypothetical protein, variant"
"766","CNAG_03679","hypothetical protein"
"767","CNAG_03688","hypothetical protein"
"768","CNAG_03693","large subunit ribosomal protein L11"
"769","CNAG_03708","signal recognition particle subunit SRP72"
"770","CNAG_03724","ribosomal RNA methyltransferase Nop2"
"771","CNAG_03728","hypothetical protein"
"772","CNAG_03730","DNA-directed RNA polymerase II subunit RPB11"
"773","CNAG_03731","hypothetical protein"
"774","CNAG_03731","hypothetical protein, variant"
"775","CNAG_03739","large subunit ribosomal protein L10-like"
"776","CNAG_03747","large subunit ribosomal protein L27Ae"
"777","CNAG_03759","conidiation-specific protein 6"
"778","CNAG_03761","mRNA 3'-end-processing protein RNA14"
"779","CNAG_03764","integral membrane protein"
"780","CNAG_03766","ankyrin repeat-containing protein"
"781","CNAG_03769","hexokinase"
"782","CNAG_03779","large subunit ribosomal protein L4, variant"
"783","CNAG_03779","large subunit ribosomal protein L4"
"784","CNAG_03780","small subunit ribosomal protein S16"
"785","CNAG_03782","hypothetical protein"
"786","CNAG_03806","acyltransferase"
"787","CNAG_03806","acyltransferase, variant"
"788","CNAG_03814","small nuclear ribonucleoprotein Sm D2, variant"
"789","CNAG_03814","small nuclear ribonucleoprotein Sm D2"
"790","CNAG_03817","cell growth-regulating nucleolar protein"
"791","CNAG_03822","monolysocardiolipin acyltransferase"
"792","CNAG_03824","solute carrier family 25 (mitochondrial phosphate transporter), member 3"
"793","CNAG_03836","hypothetical protein, variant"
"794","CNAG_03836","hypothetical protein"
"795","CNAG_03850","transcriptional activator SPT7"
"796","CNAG_03861","cytochrome c oxidase subunit 5a"
"797","CNAG_03878","hypothetical protein"
"798","CNAG_03886","hypothetical protein"
"799","CNAG_03890","protein lysine methyltransferase SET5"
"800","CNAG_03897","protein BCP1"
"801","CNAG_03908","WD-repeat protein"
"802","CNAG_03910","D-xylose-proton symporter"
"803","CNAG_03914","hypothetical protein, variant"
"804","CNAG_03914","hypothetical protein"
"805","CNAG_03916","glucose-6-phosphate isomerase"
"806","CNAG_03921","hypothetical protein"
"807","CNAG_03930","hypothetical protein"
"808","CNAG_03931","mitochondrial import receptor subunit TOM40"
"809","CNAG_03940","elongator complex protein 2"
"810","CNAG_03945","hypothetical protein"
"811","CNAG_03946","galactokinase, variant"
"812","CNAG_03946","galactokinase"
"813","CNAG_03951","hypothetical protein"
"814","CNAG_03953","Sua5/YciO/YrdC/YwlC family protein, variant"
"815","CNAG_03953","Sua5/YciO/YrdC/YwlC family protein"
"816","CNAG_03961","hypothetical protein"
"817","CNAG_03964","zinc knuckle family protein"
"818","CNAG_03965","ribosome recycling factor"
"819","CNAG_03968","polyadenylate-binding protein 2"
"820","CNAG_03975","ribosome biogenesis protein ERB1"
"821","CNAG_03976","hypothetical protein"
"822","CNAG_03983","oxidoreductase"
"823","CNAG_03986","nam9 protein"
"824","CNAG_03991","integral membrane protein"
"825","CNAG_03992","GTP-binding protein 1"
"826","CNAG_03992","GTP-binding protein 1, variant"
"827","CNAG_04001","20S proteasome subunit alpha 1"
"828","CNAG_04004","small subunit ribosomal protein S1"
"829","CNAG_04005","cytoplasmic protein"
"830","CNAG_04005","cytoplasmic protein, variant"
"831","CNAG_04011","large subunit ribosomal protein L37a"
"832","CNAG_04013","potassium channel protein"
"833","CNAG_04014","26S proteasome regulatory subunit N9"
"834","CNAG_04021","large subunit ribosomal protein L24"
"835","CNAG_04037","hypothetical protein"
"836","CNAG_04038","MFS quinate transporter QutD"
"837","CNAG_04043","hypothetical protein"
"838","CNAG_04045","hypothetical protein"
"839","CNAG_04046","hypothetical protein"
"840","CNAG_04050","small nuclear ribonucleoprotein D3"
"841","CNAG_04053","hypothetical protein"
"842","CNAG_04056","hypothetical protein"
"843","CNAG_04062","ribosome biogenesis protein ENP2"
"844","CNAG_04063","selenoprotein W"
"845","CNAG_04070","exonuclease"
"846","CNAG_04073","hypothetical protein"
"847","CNAG_04076","hypothetical protein"
"848","CNAG_04077","hypothetical protein"
"849","CNAG_04079","HAT1-interacting factor 1"
"850","CNAG_04081","hypothetical protein"
"851","CNAG_04086","hypothetical protein"
"852","CNAG_04092","sugar transporter"
"853","CNAG_04093","hypothetical protein"
"854","CNAG_04098","ATP-binding cassette, subfamily G (WHITE), member 2, PDR"
"855","CNAG_04101","hypothetical protein"
"856","CNAG_04105","hypothetical protein"
"857","CNAG_04106","hypothetical protein"
"858","CNAG_04110","glutathione S-transferase"
"859","CNAG_04111","lectin, mannose-binding 2"
"860","CNAG_04115","hypothetical protein"
"861","CNAG_04127","pre-mRNA-splicing factor CWC24"
"862","CNAG_04128","GTPase inhibitor"
"863","CNAG_04130","hypothetical protein"
"864","CNAG_04131","antiviral helicase SKI2"
"865","CNAG_04132","pre-mRNA-splicing factor CWC2"
"866","CNAG_04132","pre-mRNA-splicing factor CWC2, variant"
"867","CNAG_04141","vacuolar protein"
"868","CNAG_04142","tartrate transporter"
"869","CNAG_04147","ATP-dependent rRNA helicase RRP3"
"870","CNAG_04149","nuclear pore complex protein Nup107"
"871","CNAG_04157","kinetochore protein Mis12/MTW1"
"872","CNAG_04163","hypothetical protein"
"873","CNAG_04170","WD-repeat protein"
"874","CNAG_04178","hypothetical protein"
"875","CNAG_04180","large subunit ribosomal protein L15"
"876","CNAG_04182","hypothetical protein"
"877","CNAG_04188","O-methyltransferase"
"878","CNAG_04194","protein transporter SEC13"
"879","CNAG_04195","O-methyltransferase"
"880","CNAG_04202","cytosolic Fe-S cluster assembly factor NAR1"
"881","CNAG_04204","transcription elongation factor SPT4"
"882","CNAG_04206","hypothetical protein"
"883","CNAG_04215","sulfate adenylyltransferase"
"884","CNAG_04234","hypothetical protein"
"885","CNAG_04235","hypothetical protein"
"886","CNAG_04236","pyridoxal phosphate phosphatase phospho2"
"887","CNAG_04243","cell division control protein 24"
"888","CNAG_04256","hypothetical protein"
"889","CNAG_04257","hypothetical protein"
"890","CNAG_04259","H/ACA ribonucleoprotein complex subunit 1"
"891","CNAG_04263","hypothetical protein"
"892","CNAG_04264","ubiquinone biosynthesis monooxygenase COQ6"
"893","CNAG_04266","YEATS domain-containing protein 4"
"894","CNAG_04273","hypothetical protein"
"895","CNAG_04275","metalloendopeptidase"
"896","CNAG_04276","cytosine-purine permease"
"897","CNAG_04286","DNA-directed RNA polymerase I, II, and III subunit RPABC3"
"898","CNAG_04287","mitochondrial import inner membrane translocase subunit"
"899","CNAG_04291","glycosyl-hydrolase"
"900","CNAG_04296","hypothetical protein"
"901","CNAG_04298","nucleolar complex protein 3"
"902","CNAG_04314","NAD kinase, variant"
"903","CNAG_04314","NAD kinase"
"904","CNAG_04315","hypothetical protein"
"905","CNAG_04324","hypothetical protein"
"906","CNAG_04325","extradiol ring-cleavage dioxygenase"
"907","CNAG_04326","malate dehydrogenase (oxaloacetate-decarboxylating)"
"908","CNAG_04334","hypothetical protein"
"909","CNAG_04338","cation diffusion facilitator 1"
"910","CNAG_04340","hypothetical protein"
"911","CNAG_04345","specific RNA polymerase II transcription factor"
"912","CNAG_04355","hypothetical protein"
"913","CNAG_04360","tRNA (guanine37-N1)-methyltransferase"
"914","CNAG_04361","hypothetical protein"
"915","CNAG_04367","hypothetical protein"
"916","CNAG_04370","U3 small nucleolar RNA-associated protein 10"
"917","CNAG_04375","hexaprenyl-diphosphate synthase"
"918","CNAG_04383","acetyltransferase"
"919","CNAG_04386","hypothetical protein"
"920","CNAG_04395","protein BFR2"
"921","CNAG_04399","YggS family pyridoxal phosphate enzyme"
"922","CNAG_04400","small subunit ribosomal protein S10"
"923","CNAG_04401","alpha-soluble NSF attachment protein"
"924","CNAG_04405","cyclin H"
"925","CNAG_04432","hypothetical protein"
"926","CNAG_04437","nicotinamide riboside kinase, variant"
"927","CNAG_04437","nicotinamide riboside kinase"
"928","CNAG_04443","hypothetical protein"
"929","CNAG_04446","hypothetical protein"
"930","CNAG_04448","large subunit ribosomal protein L19e"
"931","CNAG_04451","ribonuclease P/MRP protein subunit POP1"
"932","CNAG_04452","small subunit ribosomal protein S18"
"933","CNAG_04455","peroxisomal membrane protein 4"
"934","CNAG_04466","hypothetical protein"
"935","CNAG_04471","FAD dependent oxidoreductase"
"936","CNAG_04475","hypothetical protein, variant 2"
"937","CNAG_04494","U1 small nuclear ribonucleoprotein C"
"938","CNAG_04498","alpha-1,2-mannosidase"
"939","CNAG_04501","anthranilate synthase/indole-3-glycerol phosphate synthase/phosphoribosylanthranilate isomerase"
"940","CNAG_04503","hypothetical protein"
"941","CNAG_04513","DNA-directed RNA polymerase III subunit RPC2"
"942","CNAG_04518","hypothetical protein"
"943","CNAG_04522","hypothetical protein"
"944","CNAG_04524","zinc metalloprotease"
"945","CNAG_04529","cytochrome c oxidase-assembly factor COX16"
"946","CNAG_04541","cleavage stimulation factor subunit 2"
"947","CNAG_04579","alpha-1,2-mannosyltransferase"
"948","CNAG_04595","hypothetical protein"
"949","CNAG_04601","glycine hydroxymethyltransferase"
"950","CNAG_04607","hypothetical protein"
"951","CNAG_04613","ATP-binding cassette, subfamily F, member 3"
"952","CNAG_04614","hypothetical protein"
"953","CNAG_04615","L-aminoadipate-semialdehyde dehydrogenase"
"954","CNAG_04620","hypothetical protein"
"955","CNAG_04621","glycogen(starch) synthase"
"956","CNAG_04621","glycogen(starch) synthase, variant"
"957","CNAG_04622","endoplasmic reticulum protein"
"958","CNAG_04628","translation initiation factor 6"
"959","CNAG_04631","ribitol kinase"
"960","CNAG_04635","endopeptidase"
"961","CNAG_04646","hypothetical protein"
"962","CNAG_04647","glutathione synthetase"
"963","CNAG_04657","short-chain dehydrogenase"
"964","CNAG_04663","hypothetical protein"
"965","CNAG_04664","large subunit ribosomal protein L37"
"966","CNAG_04668","ubiquitin-conjugating enzyme E2 M"
"967","CNAG_04671","hypothetical protein"
"968","CNAG_04676","6-phosphofructokinase"
"969","CNAG_04677","xylitol dehydrogenase"
"970","CNAG_04679","histone deacetylase complex subunit"
"971","CNAG_04680","hypothetical protein"
"972","CNAG_04682","DNA replication complex GINS protein PSF3"
"973","CNAG_04683","hypothetical protein"
"974","CNAG_04686","hypothetical protein"
"975","CNAG_04689","hypothetical protein"
"976","CNAG_04694","periodic tryptophan protein 1"
"977","CNAG_04699","microfibrillar-associated protein 1"
"978","CNAG_04700","hypothetical protein"
"979","CNAG_04704","MFS transporter, SHS family, lactate transporter"
"980","CNAG_04705","hypothetical protein, variant"
"981","CNAG_04705","hypothetical protein"
"982","CNAG_04710","hypothetical protein"
"983","CNAG_04726","large subunit ribosomal protein L18Ae"
"984","CNAG_04730","hypothetical protein"
"985","CNAG_04739","cytochrome c oxidase assembly protein COX19"
"986","CNAG_04740","hypothetical protein"
"987","CNAG_04744","mannose-6-phosphate isomerase, class I"
"988","CNAG_04746","hypothetical protein"
"989","CNAG_04749","hypothetical protein"
"990","CNAG_04751","hypothetical protein"
"991","CNAG_04761","Ras family protein"
"992","CNAG_04775","hypothetical protein"
"993","CNAG_04776","homoserine dehydrogenase"
"994","CNAG_04791","hypothetical protein"
"995","CNAG_04797","signal recognition particle subunit SRP19"
"996","CNAG_04799","large subunit ribosomal protein L14e"
"997","CNAG_04802","ribosomal RNA-processing protein 9"
"998","CNAG_04805","peptidyl-prolyl isomerase CWC27"
"999","CNAG_04807","hypothetical protein"
"1000","CNAG_04815","cytokinesis protein"
"1001","CNAG_04817","hypothetical protein"
"1002","CNAG_04818","hypothetical protein"
"1003","CNAG_04822","deoxyhypusine synthase"
"1004","CNAG_04825","hypothetical protein"
"1005","CNAG_04827","hypothetical protein"
"1006","CNAG_04830","large subunit ribosomal protein L33"
"1007","CNAG_04837","hypothetical protein"
"1008","CNAG_04838","hypothetical protein"
"1009","CNAG_04839","exosome complex component MTR3, animal type"
"1010","CNAG_04840","small nuclear ribonucleoprotein B and B'"
"1011","CNAG_04843","Atypical/ABC1/ABC1-B protein kinase"
"1012","CNAG_04844","mitochondrial import receptor subunit tom22"
"1013","CNAG_04848","mRNA binding protein, variant"
"1014","CNAG_04848","mRNA binding protein"
"1015","CNAG_04850","hypothetical protein, variant"
"1016","CNAG_04850","hypothetical protein"
"1017","CNAG_04860","hypothetical protein"
"1018","CNAG_04875","hypothetical protein"
"1019","CNAG_04876","endo-1,3(4)-beta-glucanase"
"1020","CNAG_04883","small subunit ribosomal protein S18"
"1021","CNAG_04884","large subunit ribosomal protein L44"
"1022","CNAG_04896","tyrosine-tRNA ligase"
"1023","CNAG_04897","hypothetical protein"
"1024","CNAG_04899","cytoplasmic protein"
"1025","CNAG_04899","cytoplasmic protein, variant"
"1026","CNAG_04903","hypothetical protein"
"1027","CNAG_04905","tRNA (uracil-5-)-methyltransferase"
"1028","CNAG_04906","26S protease regulatory subunit 10B"
"1029","CNAG_04907","hypothetical protein"
"1030","CNAG_04907","hypothetical protein, variant"
"1031","CNAG_04909","serine carboxypeptidase-like 33"
"1032","CNAG_04914","small nuclear ribonucleoprotein G"
"1033","CNAG_04925","nuclear protein"
"1034","CNAG_04927","hypothetical protein"
"1035","CNAG_04934","hypothetical protein"
"1036","CNAG_04935","hypothetical protein"
"1037","CNAG_04944","hypothetical protein"
"1038","CNAG_04944","hypothetical protein, variant"
"1039","CNAG_04953","hypothetical protein"
"1040","CNAG_04957","hypothetical protein"
"1041","CNAG_04958","ubiquitin fusion degradation protein 1"
"1042","CNAG_04961","orotidine 5'-phosphate decarboxylase"
"1043","CNAG_04975","hypothetical protein"
"1044","CNAG_04977","pre-mRNA branch site protein p14"
"1045","CNAG_04978","phytanoyl-CoA dioxygenase"
"1046","CNAG_04980","U6 snRNA-associated Sm-like protein LSm1"
"1047","CNAG_04983","hypothetical protein"
"1048","CNAG_04985","nascent polypeptide-associated complex subunit alpha"
"1049","CNAG_04989","protein FRG1"
"1050","CNAG_04990","glutamate-5-semialdehyde dehydrogenase"
"1051","CNAG_04994","signal recognition particle subunit SRP14"
"1052","CNAG_04997","cytoplasmic protein"
"1053","CNAG_05002","hypothetical protein"
"1054","CNAG_05006","hypothetical protein"
"1055","CNAG_05007","translation initiation factor eIF-2B subunit beta"
"1056","CNAG_05008","hypothetical protein"
"1057","CNAG_05015","catalase"
"1058","CNAG_05018","hypothetical protein, variant"
"1059","CNAG_05018","hypothetical protein"
"1060","CNAG_05023","maltose O-acetyltransferase"
"1061","CNAG_05031","3-oxoacid CoA-transferase"
"1062","CNAG_05035","ferredoxin-NADP reductase"
"1063","CNAG_05045","hypothetical protein"
"1064","CNAG_05057","hypothetical protein, variant"
"1065","CNAG_05057","hypothetical protein"
"1066","CNAG_05058","GTPase"
"1067","CNAG_05075","solute carrier family 20 (sodium-dependent phosphate transporter)"
"1068","CNAG_05076","hypothetical protein"
"1069","CNAG_05077","glycosyl hydrolase"
"1070","CNAG_05082","translation initiation factor 2D"
"1071","CNAG_05084","phospholipase A-2-activating protein"
"1072","CNAG_05085","deoxyhypusine hydroxylase"
"1073","CNAG_05090","quinone oxidoreductase"
"1074","CNAG_05091","hypothetical protein"
"1075","CNAG_05095","pod-specific dehydrogenase SAC25"
"1076","CNAG_05097","YjeF family protein"
"1077","CNAG_05101","U3 small nucleolar RNA-associated protein 12"
"1078","CNAG_05103","transcription initiation factor TFIIF subunit beta"
"1079","CNAG_05105","translation initiation factor 3 subunit L"
"1080","CNAG_05106","hypothetical protein"
"1081","CNAG_05111","hypothetical protein"
"1082","CNAG_05117","hypothetical protein"
"1083","CNAG_05118","hypothetical protein"
"1084","CNAG_05121","hypothetical protein"
"1085","CNAG_05139","solute carrier family 35 (UDP-sugar transporter), member A1/2/3, variant"
"1086","CNAG_05139","solute carrier family 35 (UDP-sugar transporter), member A1/2/3"
"1087","CNAG_05144","carbonic anhydrase"
"1088","CNAG_05148","beta-1,2-xylosyltransferase 1"
"1089","CNAG_05149","protoheme IX farnesyltransferase"
"1090","CNAG_05152","phospholipid:diacylglycerol acyltransferase"
"1091","CNAG_05156","hypothetical protein, variant"
"1092","CNAG_05156","hypothetical protein"
"1093","CNAG_05157","hypothetical protein"
"1094","CNAG_05167","hypothetical protein"
"1095","CNAG_05169","L-lactate dehydrogenase (cytochrome)"
"1096","CNAG_05170","hypothetical protein"
"1097","CNAG_05173","DNA-3-methyladenine glycosylase II"
"1098","CNAG_05176","hypothetical protein"
"1099","CNAG_05189","hypothetical protein"
"1100","CNAG_05196","nuclear cap-binding protein subunit 2"
"1101","CNAG_05200","pyridoxal kinase"
"1102","CNAG_05226","hypothetical protein"
"1103","CNAG_05227","hypothetical protein"
"1104","CNAG_05228","U3 small nucleolar ribonucleoprotein LCP5"
"1105","CNAG_05231","nuclear protein"
"1106","CNAG_05232","large subunit ribosomal protein L8"
"1107","CNAG_05234","mitochondrial import inner membrane translocase subunit TIM54"
"1108","CNAG_05240","signal recognition particle subunit SRP68"
"1109","CNAG_05241","U6 snRNA-associated Sm-like protein LSm7"
"1110","CNAG_05242","hypothetical protein"
"1111","CNAG_05246","hypothetical protein"
"1112","CNAG_05247","lysophosphatidate acyltransferase"
"1113","CNAG_05260","glutamate decarboxylase"
"1114","CNAG_05268","hypothetical protein"
"1115","CNAG_05270","tRNA pseudouridine13 synthase"
"1116","CNAG_05273","1,2-dihydroxy-3-keto-5-methylthiopentene dioxygenase, variant"
"1117","CNAG_05273","1,2-dihydroxy-3-keto-5-methylthiopentene dioxygenase"
"1118","CNAG_05280","F-box and leucine-rich repeat protein GRR1"
"1119","CNAG_05285","hypothetical protein"
"1120","CNAG_05290","transcription initiation protein SPT3"
"1121","CNAG_05292","alpha,alpha-trehalose-phosphate synthase (UDP-forming)"
"1122","CNAG_05297","hypothetical protein"
"1123","CNAG_05307","beta-catenin-like protein 1"
"1124","CNAG_05309","hypothetical protein"
"1125","CNAG_05311","arsenite-resistant protein ASR2, variant"
"1126","CNAG_05311","arsenite-resistant protein ASR2"
"1127","CNAG_05315","taurine catabolism dioxygenase TauD"
"1128","CNAG_05324","sugar transporter"
"1129","CNAG_05329","myo-inositol 2-dehydrogenase, variant"
"1130","CNAG_05329","myo-inositol 2-dehydrogenase"
"1131","CNAG_05333","hypothetical protein"
"1132","CNAG_05339","hypothetical protein"
"1133","CNAG_05341","hypothetical protein"
"1134","CNAG_05342","hypothetical protein"
"1135","CNAG_05344","hemolysin"
"1136","CNAG_05353","nuclear pore complex protein Nup133"
"1137","CNAG_05360","ATP-dependent RNA helicase MAK5"
"1138","CNAG_05365","ribose-phosphate pyrophosphokinase"
"1139","CNAG_05369","beta-glucosidase"
"1140","CNAG_05369","beta-glucosidase, variant 2"
"1141","CNAG_05369","beta-glucosidase, variant 1"
"1142","CNAG_05371","hypothetical protein"
"1143","CNAG_05373","elongator complex protein 4"
"1144","CNAG_05375","hypothetical protein"
"1145","CNAG_05383","hypothetical protein, variant 1"
"1146","CNAG_05383","hypothetical protein"
"1147","CNAG_05383","hypothetical protein, variant 2"
"1148","CNAG_05387","galactose transporter"
"1149","CNAG_05398","phosphoserine transaminase"
"1150","CNAG_05401","hypothetical protein"
"1151","CNAG_05405","hypothetical protein"
"1152","CNAG_05407","hypothetical protein"
"1153","CNAG_05409","replication factor C subunit 2/4"
"1154","CNAG_05413","phosphatidylinositol glycan, class Q, variant"
"1155","CNAG_05413","phosphatidylinositol glycan, class Q"
"1156","CNAG_05414","hypothetical protein"
"1157","CNAG_05437","nascent polypeptide-associated complex subunit beta"
"1158","CNAG_05439","CAMK/CAMK1/CAMK1-CMK protein kinase"
"1159","CNAG_05444","NADPH dehydrogenase"
"1160","CNAG_05446","kexin"
"1161","CNAG_05449","hypothetical protein"
"1162","CNAG_05455","translation initiation factor eIF-1A"
"1163","CNAG_05458","endo-1,3(4)-beta-glucanase"
"1164","CNAG_05462","cytochrome b5 reductase"
"1165","CNAG_05473","hypothetical protein"
"1166","CNAG_05476","hypothetical protein"
"1167","CNAG_05483","prefoldin beta subunit"
"1168","CNAG_05485","tRNA (adenine-N(1)-)-methyltransferase catalytic subunit TRM61"
"1169","CNAG_05496","2-isopropylmalate synthase"
"1170","CNAG_05499","SHO1 osmosensor"
"1171","CNAG_05507","small subunit ribosomal protein S8"
"1172","CNAG_05521","aldose reductase"
"1173","CNAG_05526","ino eighty subunit 2"
"1174","CNAG_05530","hypothetical protein"
"1175","CNAG_05550","hypothetical protein"
"1176","CNAG_05557","mitochondrial outer membrane protein"
"1177","CNAG_05559","hypothetical protein"
"1178","CNAG_05568","septum formation protein Maf"
"1179","CNAG_05569","hypothetical protein"
"1180","CNAG_05570","hypothetical protein"
"1181","CNAG_05591","hypothetical protein"
"1182","CNAG_05591","hypothetical protein, variant"
"1183","CNAG_05597","transcription initiation factor TFIID subunit 9/adenylate kinase"
"1184","CNAG_05598","hypothetical protein"
"1185","CNAG_05604","hypothetical protein"
"1186","CNAG_05608","hypothetical protein"
"1187","CNAG_05617","phosphatidylinositol glycan, class O"
"1188","CNAG_05617","phosphatidylinositol glycan, class O, variant"
"1189","CNAG_05619","TPR repeat-containing protein"
"1190","CNAG_05623","chorismate synthase"
"1191","CNAG_05624","hypothetical protein"
"1192","CNAG_05629","endoribonuclease YSH1"
"1193","CNAG_05630","hypothetical protein"
"1194","CNAG_05639","hypothetical protein"
"1195","CNAG_05652","cytoplasmic protein"
"1196","CNAG_05661","FACT complex subunit POB3"
"1197","CNAG_05662","sugar transporter"
"1198","CNAG_05665","hypothetical protein"
"1199","CNAG_05678","membrane protein"
"1200","CNAG_05682","hypothetical protein"
"1201","CNAG_05683","hypothetical protein"
"1202","CNAG_05689","pre-mRNA-splicing factor SPF27"
"1203","CNAG_05690","histone deacetylase RPD3"
"1204","CNAG_05705","hypothetical protein"
"1205","CNAG_05706","hypothetical protein"
"1206","CNAG_05708","ubiquitin carboxyl-terminal hydrolase 5/13"
"1207","CNAG_05716","hypothetical protein"
"1208","CNAG_05720","GTPase inhibitor"
"1209","CNAG_05722","alanine-tRNA ligase"
"1210","CNAG_05743","anaphase-promoting complex subunit 10"
"1211","CNAG_05745","cytoplasmic protein"
"1212","CNAG_05751","hypothetical protein"
"1213","CNAG_05755","protein MAK16"
"1214","CNAG_05759","acetyl-CoA carboxylase/biotin carboxylase"
"1215","CNAG_05762","large subunit acidic ribosomal protein P2"
"1216","CNAG_05764","small subunit ribosomal protein S5"
"1217","CNAG_05765","ubiquitin-conjugating enzyme E2 J2"
"1218","CNAG_05770","proteasome component PRE2"
"1219","CNAG_05774","hypothetical protein"
"1220","CNAG_05774","hypothetical protein, variant"
"1221","CNAG_05776","hypothetical protein"
"1222","CNAG_05777","hypothetical protein"
"1223","CNAG_05781","dynein light chain LC8-type"
"1224","CNAG_05789","hypothetical protein"
"1225","CNAG_05793","hypothetical protein"
"1226","CNAG_05800","large subunit ribosomal protein L33-b"
"1227","CNAG_05801","hypothetical protein"
"1228","CNAG_05804","nuclear pore complex protein Nup188"
"1229","CNAG_05808","syntaxin 18"
"1230","CNAG_05810","hypothetical protein"
"1231","CNAG_05811","hypothetical protein"
"1232","CNAG_05814","small subunit ribosomal protein S10e"
"1233","CNAG_05816","hypothetical protein"
"1234","CNAG_05822","protein RAI1"
"1235","CNAG_05826","translation elongation factor Tu"
"1236","CNAG_05833","allantoate transporter"
"1237","CNAG_05836","alpha 1,6-mannosyltransferase"
"1238","CNAG_05840","hypothetical protein"
"1239","CNAG_05844","mitochondrial import inner membrane translocase subunit TIM8"
"1240","CNAG_05846","ubiquitin-conjugating enzyme E2 O"
"1241","CNAG_05854","hypothetical protein"
"1242","CNAG_05858","hypothetical protein"
"1243","CNAG_05859","hypothetical protein"
"1244","CNAG_05865","20S proteasome subunit beta 6"
"1245","CNAG_05868","glutamate-1-semialdehyde 2,1-aminomutase"
"1246","CNAG_05875","cytochrome c heme-lyase"
"1247","CNAG_05877","CDK-activating kinase assembly factor MAT1"
"1248","CNAG_05880","hypothetical protein"
"1249","CNAG_05881","alpha-1,2-mannosyltransferase"
"1250","CNAG_05896","ubiquitin-like 1-activating enzyme E1 B"
"1251","CNAG_05904","small subunit ribosomal protein S14"
"1252","CNAG_05905","transcription factor IIIB 90 kDa subunit"
"1253","CNAG_05914","MFS transporter, SP family, general alpha glucoside:H symporter"
"1254","CNAG_05917","hypothetical protein"
"1255","CNAG_05920","tRNA-specific adenosine deaminase 2"
"1256","CNAG_05926","U2 small nuclear ribonucleoprotein A'"
"1257","CNAG_05928","hypothetical protein, variant"
"1258","CNAG_05928","hypothetical protein"
"1259","CNAG_05929","MFS transporter, SP family, general alpha glucoside:H symporter"
"1260","CNAG_05939","hypothetical protein, variant"
"1261","CNAG_05939","hypothetical protein"
"1262","CNAG_05940","hypothetical protein"
"1263","CNAG_05968","cell division control protein 42"
"1264","CNAG_05969","O-sialoglycoprotein endopeptidase"
"1265","CNAG_05975","ribonuclease Z"
"1266","CNAG_05980","large subunit ribosomal protein L7/L12"
"1267","CNAG_05982","MFS transporter, SP family, general alpha glucoside:H symporter"
"1268","CNAG_05999","peptide alpha-N-acetyltransferase"
"1269","CNAG_06002","tRNA (5-methylaminomethyl-2-thiouridylate)-methyltransferase"
"1270","CNAG_06003","hypothetical protein"
"1271","CNAG_06005","U3 small nucleolar RNA-associated protein 4"
"1272","CNAG_06006","hypothetical protein"
"1273","CNAG_06007","U3 small nucleolar RNA-associated protein 23"
"1274","CNAG_06020","hypothetical protein"
"1275","CNAG_06055","hypothetical protein"
"1276","CNAG_06056","hypothetical protein"
"1277","CNAG_06060","hypothetical protein"
"1278","CNAG_06061","translation initiation factor 3 subunit E"
"1279","CNAG_06067","hypothetical protein"
"1280","CNAG_06074","cytoplasmic protein, variant"
"1281","CNAG_06074","cytoplasmic protein"
"1282","CNAG_06075","hypothetical protein"
"1283","CNAG_06076","cytoplasmic protein"
"1284","CNAG_06093","protein transporter SEC24"
"1285","CNAG_06094","hypothetical protein"
"1286","CNAG_06095","large subunit ribosomal protein L13e"
"1287","CNAG_06112","carbamoyl-phosphate synthase arginine-specific large chain"
"1288","CNAG_06113","hypothetical protein"
"1289","CNAG_06115","acid phosphatase"
"1290","CNAG_06123","leucine-tRNA ligase"
"1291","CNAG_06130","hypothetical protein"
"1292","CNAG_06137","hypothetical protein"
"1293","CNAG_06138","NADH dehydrogenase (ubiquinone) Fe-S protein 6"
"1294","CNAG_06141","dUTP pyrophosphatase"
"1295","CNAG_06152","hypothetical protein"
"1296","CNAG_06169","hypothetical protein"
"1297","CNAG_06173","hypothetical protein"
"1298","CNAG_06174","PEK/GCN2 protein kinase"
"1299","CNAG_06190","N-acetylglucosamine-6-phosphate deacetylase"
"1300","CNAG_06192","hypothetical protein"
"1301","CNAG_06194","hypothetical protein"
"1302","CNAG_06201","hypothetical protein"
"1303","CNAG_06206","ATP-dependent RNA helicase DBP9"
"1304","CNAG_06208","heat shock 70kDa protein 4"
"1305","CNAG_06213","hypothetical protein"
"1306","CNAG_06214","hypothetical protein"
"1307","CNAG_06215","hypothetical protein"
"1308","CNAG_06216","hypothetical protein"
"1309","CNAG_06220","allergen"
"1310","CNAG_06221","diphthamide biosynthesis protein 2"
"1311","CNAG_06222","large subunit ribosomal protein L32e"
"1312","CNAG_06224","nuclear movement protein nudC"
"1313","CNAG_06226","NADH dehydrogenase (ubiquinone) 1 alpha subcomplex 5"
"1314","CNAG_06231","large subunit ribosomal protein L13"
"1315","CNAG_06235","hypothetical protein"
"1316","CNAG_06236","RNA exonuclease NGL2"
"1317","CNAG_06237","YeeE/YedE family protein"
"1318","CNAG_06248","protein TIF31"
"1319","CNAG_06252","hypothetical protein"
"1320","CNAG_06273","hypothetical protein"
"1321","CNAG_06277","ribosomal RNA-processing protein 12"
"1322","CNAG_06284","hypothetical protein"
"1323","CNAG_06288","RNA binding protein"
"1324","CNAG_06293","hypothetical protein"
"1325","CNAG_06300","glutamate-cysteine ligase catalytic subunit"
"1326","CNAG_06300","glutamate-cysteine ligase catalytic subunit, variant"
"1327","CNAG_06302","hypothetical protein, variant"
"1328","CNAG_06302","hypothetical protein"
"1329","CNAG_06313","phosphoglucomutase, variant"
"1330","CNAG_06313","phosphoglucomutase"
"1331","CNAG_06314","phosphoribosylamine-glycine ligase"
"1332","CNAG_06318","ribosome biogenesis protein YTM1"
"1333","CNAG_06319","hypothetical protein"
"1334","CNAG_06330","hypothetical protein"
"1335","CNAG_06334","hypothetical protein"
"1336","CNAG_06340","pre-rRNA-processing protein TSR4"
"1337","CNAG_06341","hypothetical protein"
"1338","CNAG_06344","hypothetical protein"
"1339","CNAG_06347","hypothetical protein"
"1340","CNAG_06350","hypothetical protein"
"1341","CNAG_06353","tRNA pseudouridine(38-40) synthase"
"1342","CNAG_06355","hypothetical protein"
"1343","CNAG_06356","mitochondrial protein"
"1344","CNAG_06357","hypothetical protein, variant"
"1345","CNAG_06357","hypothetical protein"
"1346","CNAG_06358","hypothetical protein"
"1347","CNAG_06368","hypothetical protein"
"1348","CNAG_06378","hypothetical protein"
"1349","CNAG_06379","N-acetyltransferase 10"
"1350","CNAG_06381","hypothetical protein"
"1351","CNAG_06385","GAF domain-containing protein, variant"
"1352","CNAG_06385","GAF domain-containing protein"
"1353","CNAG_06386","hypothetical protein"
"1354","CNAG_06396","hypothetical protein"
"1355","CNAG_06401","hypothetical protein"
"1356","CNAG_06401","hypothetical protein, variant 2"
"1357","CNAG_06401","hypothetical protein, variant 1"
"1358","CNAG_06402","26S proteasome complex subunit DSS1"
"1359","CNAG_06412","rRNA-processing protein EFG1"
"1360","CNAG_06435","hypothetical protein"
"1361","CNAG_06436","hypothetical protein"
"1362","CNAG_06447","large subunit ribosomal protein L22"
"1363","CNAG_06451","hypothetical protein"
"1364","CNAG_06451","hypothetical protein, variant"
"1365","CNAG_06454","Atypical/RIO/RIO1 protein kinase"
"1366","CNAG_06456","hypothetical protein"
"1367","CNAG_06467","hypothetical protein"
"1368","CNAG_06468","nucleolar GTP-binding protein"
"1369","CNAG_06471","small subunit ribosomal protein S12"
"1370","CNAG_06472","nucleolar protein 4"
"1371","CNAG_06474","RNA-binding protein Musashi"
"1372","CNAG_06492","cytoplasmic protein"
"1373","CNAG_06494","cold-induced thioredoxin domain-containing protein"
"1374","CNAG_06505","hypothetical protein"
"1375","CNAG_06506","hypothetical protein"
"1376","CNAG_06515","hypothetical protein"
"1377","CNAG_06529","hypothetical protein"
"1378","CNAG_06535","ribosome biogenesis protein UTP30"
"1379","CNAG_06537","monocarboxylic acid transporter"
"1380","CNAG_06538","monocarboxylic acid transporter"
"1381","CNAG_06540","dihydroxy-acid dehydratase, variant"
"1382","CNAG_06540","dihydroxy-acid dehydratase"
"1383","CNAG_06541","hypothetical protein, variant"
"1384","CNAG_06541","hypothetical protein"
"1385","CNAG_06545","pim1 protein RNA transporter 2"
"1386","CNAG_06556","oxidoreductase"
"1387","CNAG_06558","NADPH-ferrihemoprotein reductase"
"1388","CNAG_06560","esterase"
"1389","CNAG_06563","translation initiation factor 3 subunit F"
"1390","CNAG_06567","hypothetical protein"
"1391","CNAG_06568","RAN protein kinase"
"1392","CNAG_06574","antiphagocytic protein 1"
"1393","CNAG_06578","hypothetical protein"
"1394","CNAG_06589","endoribonuclease L-PSP"
"1395","CNAG_06594","oxysterol binding protein"
"1396","CNAG_06596","hypothetical protein"
"1397","CNAG_06602","cysteine-type peptidase"
"1398","CNAG_06611","DNA-directed RNA polymerase I subunit RPA2"
"1399","CNAG_06620","mitochondrial Rho GTPase 1"
"1400","CNAG_06621","biotin synthase"
"1401","CNAG_06623","inositol oxygenase"
"1402","CNAG_06626","pre-mRNA-splicing factor ATP-dependent RNA helicase DHX15/PRP43"
"1403","CNAG_06628","aldehyde dehydrogenase (NAD)"
"1404","CNAG_06630","import inner membrane translocase subunit tim44"
"1405","CNAG_06633","small subunit ribosomal protein S15"
"1406","CNAG_06634","DNA polymerase epsilon subunit B"
"1407","CNAG_06639","E3 ubiquitin-protein ligase MARCH6"
"1408","CNAG_06641","DNA-directed RNA polymerase III subunit RPC6"
"1409","CNAG_06645","methylenetetrahydrofolate dehydrogenase (NAD)"
"1410","CNAG_06648","RNA polymerase-associated protein RTF1"
"1411","CNAG_06656","diphthine synthase"
"1412","CNAG_06664","sorting nexin MVP1"
"1413","CNAG_06669","hypothetical protein"
"1414","CNAG_06679","anthranilate synthase component I"
"1415","CNAG_06680","COP9 signalosome complex subunit 6"
"1416","CNAG_06684","pre-rRNA-processing protein IPI3"
"1417","CNAG_06698","phosphatase"
"1418","CNAG_06699","glyceraldehyde-3-phosphate dehydrogenase"
"1419","CNAG_06709","hypothetical protein"
"1420","CNAG_06711","signal recognition particle receptor subunit beta"
"1421","CNAG_06713","cysteine-tRNA ligase"
"1422","CNAG_06726","chitin synthase regulator 3"
"1423","CNAG_06729","hypothetical protein"
"1424","CNAG_06733","hypothetical protein"
"1425","CNAG_06738","hypothetical protein"
"1426","CNAG_06742","pre-60S factor REI1"
"1427","CNAG_06744","chromatin structure-remodeling complex subunit RSC9"
"1428","CNAG_06746","histone H2B"
"1429","CNAG_06748","U3 small nucleolar RNA-associated protein 7"
"1430","CNAG_06753","nuclear cap-binding protein subunit 1"
"1431","CNAG_06763","serine-tRNA ligase"
"1432","CNAG_06767","F-type H -transporting ATPase subunit delta"
"1433","CNAG_06770","fructose-bisphosphate aldolase 1"
"1434","CNAG_06771","hypothetical protein"
"1435","CNAG_06774","tRNA (guanine-N(7)-)-methyltransferase"
"1436","CNAG_06776","membrane protein"
"1437","CNAG_06776","membrane protein, variant"
"1438","CNAG_06779","small nuclear ribonucleoprotein D1"
"1439","CNAG_06781","hypothetical protein"
"1440","CNAG_06782","hypothetical protein"
"1441","CNAG_06798","U3 small nucleolar RNA-associated protein 18"
"1442","CNAG_06799","uroporphyrinogen decarboxylase"
"1443","CNAG_06815","hypothetical protein"
"1444","CNAG_06830","histidinol dehydrogenase"
"1445","CNAG_06846","hypothetical protein"
"1446","CNAG_06847","small subunit ribosomal protein S28"
"1447","CNAG_06861","hypothetical protein"
"1448","CNAG_06864","hypothetical protein, variant"
"1449","CNAG_06864","hypothetical protein"
"1450","CNAG_06865","translation machinery-associated protein 16"
"1451","CNAG_06866","hypothetical protein"
"1452","CNAG_06868","phosphopyruvate hydratase"
"1453","CNAG_06873","5-oxoprolinase"
"1454","CNAG_06874","HpcH/HpaI aldolase/citrate lyase"
"1455","CNAG_06876","alpha-ketoglutarate-dependent taurine dioxygenase"
"1456","CNAG_06880","mitochondrial protein"
"1457","CNAG_06881","SBDS family rRNA metabolism protein"
"1458","CNAG_06882","hypothetical protein"
"1459","CNAG_06893","hypothetical protein"
"1460","CNAG_06905","cytoplasmic protein"
"1461","CNAG_06906","translation initiation factor 4B"
"1462","CNAG_06922","anon-23da protein"
"1463","CNAG_06930","hypothetical protein"
"1464","CNAG_06932","sugar transporter"
"1465","CNAG_06935","isochorismatase hydrolase"
"1466","CNAG_06936","beta-glucosidase"
"1467","CNAG_06948","essential nuclear protein 1"
"1468","CNAG_06949","hypothetical protein"
"1469","CNAG_06963","sugar transporter"
"1470","CNAG_06968","hypothetical protein"
"1471","CNAG_06986","sugar transporter"
"1472","CNAG_06993","hypothetical protein"
"1473","CNAG_06997","tRNA-dihydrouridine synthase 3"
"1474","CNAG_07005","hypothetical protein"
"1475","CNAG_07009","hypothetical protein, variant 2"
"1476","CNAG_07009","hypothetical protein, variant 1"
"1477","CNAG_07009","hypothetical protein"
"1478","CNAG_07009","hypothetical protein, variant 3"
"1479","CNAG_07020","hypothetical protein"
"1480","CNAG_07163","preprotein translocase subunit YidC"
"1481","CNAG_07164","hypothetical protein"
"1482","CNAG_07164","hypothetical protein, variant"
"1483","CNAG_07253","hypothetical protein"
"1484","CNAG_07309","mRNA surveillance protein pelota"
"1485","CNAG_07310","hypothetical protein"
"1486","CNAG_07319","hypothetical protein"
"1487","CNAG_07322","hypothetical protein"
"1488","CNAG_07350","hypothetical protein"
"1489","CNAG_07352","hypothetical protein"
"1490","CNAG_07356","succinate dehydrogenase, cytochrome b556 subunit"
"1491","CNAG_07362","nucleolin"
"1492","CNAG_07367","amino acid transporter"
"1493","CNAG_07367","amino acid transporter, variant"
"1494","CNAG_07374","DNA-directed RNA polymerase III subunit RPC5"
"1495","CNAG_07382","hypothetical protein"
"1496","CNAG_07387","siderophore-iron transporter Str3"
"1497","CNAG_07390","hypothetical protein"
"1498","CNAG_07409","DNA-directed RNA polymerase, mitochondrial"
"1499","CNAG_07410","hypothetical protein, variant"
"1500","CNAG_07410","hypothetical protein"
"1501","CNAG_07420","hypothetical protein"
"1502","CNAG_07426","proteasome maturation protein"
"1503","CNAG_07430","transcription factor binding protein"
"1504","CNAG_07437","3-keto sterol reductase"
"1505","CNAG_07439","U3 small nucleolar RNA-associated protein 21"
"1506","CNAG_07445","transketolase"
"1507","CNAG_07449","amino acid transporter"
"1508","CNAG_07453","hypothetical protein"
"1509","CNAG_07456","hypothetical protein"
"1510","CNAG_07456","hypothetical protein, variant"
"1511","CNAG_07457","hypothetical protein"
"1512","CNAG_07465","hypothetical protein"
"1513","CNAG_07473","valine-tRNA ligase"
"1514","CNAG_07485","membrane protein"
"1515","CNAG_07485","membrane protein, variant"
"1516","CNAG_07488","hypothetical protein"
"1517","CNAG_07489","hypothetical protein"
"1518","CNAG_07491","glutaredoxin"
"1519","CNAG_07494","U3 small nucleolar RNA-associated protein MPP10"
"1520","CNAG_07499","chitin synthase"
"1521","CNAG_07502","CTP synthase"
"1522","CNAG_07509","xaa-Pro aminopeptidase"
"1523","CNAG_07511","nucleolar protein 15"
"1524","CNAG_07516","hypothetical protein"
"1525","CNAG_07518","ribonuclease P/MRP protein subunit POP5"
"1526","CNAG_07519","hypothetical protein"
"1527","CNAG_07522","hypothetical protein"
"1528","CNAG_07535","small subunit ribosomal protein S16"
"1529","CNAG_07536","DNA-directed RNA polymerase I subunit RPA43"
"1530","CNAG_07537","mitochondrial GTPase 1"
"1531","CNAG_07537","mitochondrial GTPase 1, variant"
"1532","CNAG_07546","peptide chain release factor 1"
"1533","CNAG_07548","cytoplasmic protein"
"1534","CNAG_07558","hypothetical protein"
"1535","CNAG_07561","6-phosphogluconate dehydrogenase, decarboxylating 1"
"1536","CNAG_07571","hypothetical protein"
"1537","CNAG_07572","elongator complex protein 3"
"1538","CNAG_07589","xylitol dehydrogenase"
"1539","CNAG_07594","hypothetical protein"
"1540","CNAG_07612","hypothetical protein"
"1541","CNAG_07628","translation initiation factor 3 subunit C"
"1542","CNAG_07630","U3 small nucleolar ribonucleoprotein IMP4"
"1543","CNAG_07631","hypothetical protein"
"1544","CNAG_07637","large subunit ribosomal protein L3"
"1545","CNAG_07638","hypothetical protein"
"1546","CNAG_07641","monosaccharide transporter"
"1547","CNAG_07651","DEAD-box ATP-dependent RNA helicase 26"
"1548","CNAG_07651","DEAD-box ATP-dependent RNA helicase 26, variant"
"1549","CNAG_07657","U3 small nucleolar RNA-associated protein 19"
"1550","CNAG_07664","mitochondrial protein"
"1551","CNAG_07671","hypothetical protein"
"1552","CNAG_07677","hypothetical protein"
"1553","CNAG_07681","hypothetical protein"
"1554","CNAG_07685","UMF1 family MFS transporter"
"1555","CNAG_07689","pre-mRNA-splicing factor CWC22"
"1556","CNAG_07690","hypothetical protein"
"1557","CNAG_07717","ubiquitin carboxyl-terminal hydrolase 4/11/15"
"1558","CNAG_07719","26S protease regulatory subunit 7"
"1559","CNAG_07724","ligand-regulated transcription factor"
"1560","CNAG_07735","U3 small nucleolar RNA-associated protein 25"
"1561","CNAG_07740","hypothetical protein"
"1562","CNAG_07752","UDP-galactopyranose mutase"
"1563","CNAG_07765","hypothetical protein"
"1564","CNAG_07778","translation initiation factor 2 subunit 1"
"1565","CNAG_07796","uroporphyrinogen-III C-methyltransferase"
"1566","CNAG_07801","aldo-keto reductase"
"1567","CNAG_07813","hypothetical protein"
"1568","CNAG_07826","hypothetical protein"
"1569","CNAG_07838","cytoplasmic protein"
"1570","CNAG_07856","hypothetical protein"
"1571","CNAG_07857","hypothetical protein"
"1572","CNAG_07860","peptidyl-prolyl cis-trans isomerase-like 2"
"1573","CNAG_07866","transcription initiation factor TFIIA small subunit, variant 1"
"1574","CNAG_07866","transcription initiation factor TFIIA small subunit, variant 2"
"1575","CNAG_07866","transcription initiation factor TFIIA small subunit"
"1576","CNAG_07873","MIPC synthase"
"1577","CNAG_07874","sugar transporter"
"1578","CNAG_07881","hypothetical protein, variant 2"
"1579","CNAG_07881","hypothetical protein, variant 1"
"1580","CNAG_07881","hypothetical protein"
"1581","CNAG_07884","hypothetical protein"
"1582","CNAG_07887","hypothetical protein"
"1583","CNAG_07889","hypothetical protein"
"1584","CNAG_07897","MFS transporter, SP family, general alpha glucoside:H symporter"
"1585","CNAG_07900","hypothetical protein"
"1586","CNAG_07904","hypothetical protein"
"1587","CNAG_07912","hypothetical protein"
"1588","CNAG_07913","hypothetical protein"
"1589","CNAG_07917","uracil transporter FurD"
"1590","CNAG_07927","hypothetical protein"
"1591","CNAG_07927","hypothetical protein, variant"
"1592","CNAG_07947","hypothetical protein"
"1593","CNAG_07951","WD-repeat protein JIP5"
"1594","CNAG_07953","hypothetical protein"
"1595","CNAG_07957","WD repeat and SOF domain-containing protein 1"
"1596","CNAG_07960","hypothetical protein"
"1597","CNAG_07965","hypothetical protein"
"1598","CNAG_07968","hypothetical protein"
"1599","CNAG_07977","hypothetical protein"
"1600","CNAG_07981","hypothetical protein"
"1601","CNAG_07984","hypothetical protein"
"1602","CNAG_07987","hypothetical protein"
"1603","CNAG_07989","hypothetical protein"
"1604","CNAG_07989","hypothetical protein"
"1605","CNAG_07991","hypothetical protein"
"1606","CNAG_07994","hypothetical protein"
"1607","CNAG_08003","hypothetical protein"
"1608","CNAG_08006","hypothetical protein"
"1609","CNAG_08008","hypothetical protein"
"1610","CNAG_08026","hypothetical protein"
